{
    "img_1080p": 60.0,
    "lighting": 8.69565,
    "mobile_multi": 88.88889,
    "more_hard": 0.0,
    "more_low": 63.63636,
    "more_medium": 72.72727,
    "one_hard": 75.0,
    "one_low": 50.0,
    "one_medium": 46.15385,
    "semi_high": 50.0
}