{
    "img_1080p": 38.88889,
    "lighting": 8.69565,
    "mobile_multi": 40.90909,
    "more_hard": 0.0,
    "more_low": 56.75676,
    "more_medium": 57.0,
    "one_hard": 75.0,
    "one_low": 50.0,
    "one_medium": 46.15385,
    "semi_high": 25.0
}