{
    "img_1080p": 20.0,
    "lighting": 8.69565,
    "mobile_multi": 11.11111,
    "more_hard": 0.0,
    "more_low": 18.18182,
    "more_medium": 18.18182,
    "one_hard": 75.0,
    "one_low": 50.0,
    "one_medium": 46.15385,
    "semi_high": 0.0
}