{
    "img_1080p": 72.22222,
    "lighting": 65.21739,
    "mobile_multi": 50.0,
    "more_hard": 60.0,
    "more_low": 67.56757,
    "more_medium": 70.0,
    "one_hard": 100.0,
    "one_low": 62.5,
    "one_medium": 53.84615,
    "semi_high": 60.0
}