{
    "img_1080p": 0.83871,
    "lighting": 0.78947,
    "mobile_multi": 0.66667,
    "more_hard": 0.75,
    "more_low": 0.80645,
    "more_medium": 0.82143,
    "one_hard": 1.0,
    "one_low": 0.76923,
    "one_medium": 0.7,
    "semi_high": 0.75
}