{
    "img_1080p": 0.98279,
    "lighting": 0.97769,
    "mobile_multi": 0.98351,
    "more_hard": 0.93879,
    "more_low": 0.94563,
    "more_medium": 0.97698,
    "one_hard": 0.97491,
    "one_low": 0.98554,
    "one_medium": 0.86676,
    "semi_high": 0.97131
}