{
    "img_1080p": 60.0,
    "lighting": 65.21739,
    "mobile_multi": 22.22222,
    "more_hard": 50.0,
    "more_low": 27.27273,
    "more_medium": 40.90909,
    "one_hard": 100.0,
    "one_low": 62.5,
    "one_medium": 61.53846,
    "semi_high": 20.0
}