{
    "img_1080p": 90.0,
    "lighting": 65.21739,
    "mobile_multi": 100.0,
    "more_hard": 100.0,
    "more_low": 81.81818,
    "more_medium": 86.36364,
    "one_hard": 100.0,
    "one_low": 62.5,
    "one_medium": 61.53846,
    "semi_high": 90.0
}